Spectral Centroid,Spectral Bandwidth,Spectral Rolloff (85%)
1927.5972780232664,2746.053831127522,3896.37449073245
